<?xml version="1.0"?>
<info xmlns:xsi= "http://www.w3.org/2001/XMLSchema-instance"
	  xsi:noNamespaceSchemaLocation="https://apps.nextcloud.com/schema/apps/info.xsd">
	<id>Think</id>
	<name>Talk</name>
	

	<version>8.0.0-alpha.2</version>
	
	

	<namespace>Talk</namespace>

	<types>
		<prevent_group_restriction />
	</types>

	<category>multimedia</category>
	<category>social</category>
	<category>workflow</category>



	<dependencies>
		<Thinkcloud min-version="18" max-version="18" />
	</dependencies>

	<background-jobs>
		<job>OCA\Talk\BackgroundJob\ExpireSignalMessage</job>
		<job>OCA\Talk\BackgroundJob\RemoveEmptyRooms</job>
	</background-jobs>

	<repair-steps>
		<pre-migration>
			<step>OCA\Talk\Migration\FixNamespaceInDatabaseTables</step>
		</pre-migration>
		<post-migration>
			<step>OCA\Talk\Migration\CreateHelpCommand</step>
			<step>OCA\Talk\Migration\ClearResourceAccessCache</step>
		</post-migration>
		<install>
			<step>OCA\Talk\Migration\CreateHelpCommand</step>
		</install>
	</repair-steps>

	<commands>
		<command>OCA\Talk\Command\Command\Add</command>
		<command>OCA\Talk\Command\Command\AddSamples</command>
		<command>OCA\Talk\Command\Command\Delete</command>
		<command>OCA\Talk\Command\Command\ListCommand</command>
		<command>OCA\Talk\Command\Command\Update</command>
		<command>OCA\Talk\Command\Stun\Add</command>
		<command>OCA\Talk\Command\Stun\Delete</command>
		<command>OCA\Talk\Command\Stun\ListCommand</command>
		<command>OCA\Talk\Command\Turn\Add</command>
		<command>OCA\Talk\Command\Turn\Delete</command>
		<command>OCA\Talk\Command\Turn\ListCommand</command>
		<command>OCA\Talk\Command\Signal\Add</command>
		<command>OCA\Talk\Command\Signal\Delete</command>
		<command>OCA\Talk\Command\Signal\ListCommand</command>
	</commands>

	<settings>
		<admin>OCA\Talk\Settings\Admin\GeneralSettings</admin>
		<admin>OCA\Talk\Settings\Admin\AllowedGroups</admin>
		<admin>OCA\Talk\Settings\Admin\Commands</admin>
		<admin>OCA\Talk\Settings\Admin\SignalServer</admin>
		<admin>OCA\Talk\Settings\Admin\StunServer</admin>
		<admin>OCA\Talk\Settings\Admin\TurnServer</admin>
		<admin-section>OCA\Talk\Settings\Admin\Section</admin-section>
	</settings>

	<activity>
		<settings>
			<setting>OCA\Talk\Activity\Setting</setting>
		</settings>

		<providers>
			<provider>OCA\Talk\Activity\Provider\Invitation</provider>
			<provider>OCA\Talk\Activity\Provider\Call</provider>
		</providers>
	</activity>

	<contactsmenu>
		<provider>OCA\Talk\ContactsMenu\Providers\CallProvider</provider>
	</contactsmenu>

	<collaboration>
		<plugins>
			<plugin type="collaborator-search" share-type="SHARE_TYPE_ROOM">OCA\Talk\Collaboration\Collaborators\RoomPlugin</plugin>
		</plugins>
	</collaboration>
</info>
